,Estimate,Std..Error,t.value,p.z,variable
(Intercept),-0.025560849,0.022801952,-1.120993896,0.262290461,FDis
(Intercept)3,0.037417692,0.031058414,1.204752187,0.228298983,FEve
(Intercept)2,-1.040606084,0.512685845,-2.029714871,0.04238553,FRic
(Intercept)1,-0.046891965,0.04830092,-0.970829648,0.331633116,FDpg
(Intercept)4,0.063618823,0.021462565,2.964176192,0.006,FDiv
log(Age),-0.015123359,0.007190309,-2.103297451,0.05,FDiv
(Intercept)5,-0.308382689,0.115256086,-2.675630423,0.01,SpR
log(Age)1,0.082036905,0.041058603,1.998044222,0.06,SpR
